File,Comment (%),Comment Lines,Lines of Code,Statements,Cyclomatic Complexity,Cognitive Complexity,Code Smells,Vulnerabilities,Bugs,Security Hotspots
src/main/java/org/6367667c1a6d9265ec0173f7,33.3,3,6,1,2,1,1,0,0,0
src/main/java/org/6367667c1a6d9265ec0173f7/6367667c1a6d9265ec0173f7.java,33.3,3,6,1,2,1,1,0,0,0
src/main/java/org/6367667c1a6d9265ec0173fb,6.7,1,14,3,3,2,1,0,0,0
src/main/java/org/6367667c1a6d9265ec0173fb/6367667c1a6d9265ec0173fb.java,6.7,1,14,3,3,2,1,0,0,0
src/main/java/org/6367667d1a6d9265ec0173ff,20.8,5,19,8,4,4,2,0,0,0
src/main/java/org/6367667d1a6d9265ec0173ff/6367667d1a6d9265ec0173ff.java,20.8,5,19,8,4,4,2,0,0,0
src/main/java/org/6367667d1a6d9265ec017401,N/A,0,0,0,0,0,0,0,0,0
src/main/java/org/6367667d1a6d9265ec017401/6367667d1a6d9265ec017401.java,N/A,0,0,0,0,0,0,0,0,0
src/main/java/org/6367667d1a6d9265ec01741d,13.3,2,13,4,3,2,3,0,0,0
src/main/java/org/6367667d1a6d9265ec01741d/6367667d1a6d9265ec01741d.java,13.3,2,13,4,3,2,3,0,0,0
src/main/java/org/6367667e1a6d9265ec01743a,23.1,3,10,2,2,0,1,0,0,0
src/main/java/org/6367667e1a6d9265ec01743a/6367667e1a6d9265ec01743a.java,23.1,3,10,2,2,0,1,0,0,0
src/main/java/org/6367667f1a6d9265ec017457,20.6,7,27,14,1,1,3,0,0,0
src/main/java/org/6367667f1a6d9265ec017457/6367667f1a6d9265ec017457.java,20.6,7,27,14,1,1,3,0,0,0
src/main/java/org/6367667f1a6d9265ec017458,29.4,10,24,8,7,4,3,0,0,0
src/main/java/org/6367667f1a6d9265ec017458/6367667f1a6d9265ec017458.java,29.4,10,24,8,7,4,3,0,0,0
src/main/java/org/6367667f1a6d9265ec01745c,3.6,1,27,13,8,14,3,0,0,1
src/main/java/org/6367667f1a6d9265ec01745c/6367667f1a6d9265ec01745c.java,3.6,1,27,13,8,14,3,0,0,1
src/main/java/org/6367667f1a6d9265ec01745d,10.4,5,43,20,10,12,2,0,0,0
src/main/java/org/6367667f1a6d9265ec01745d/6367667f1a6d9265ec01745d.java,10.4,5,43,20,10,12,2,0,0,0
src/main/java/org/636766801a6d9265ec017477,21.1,8,30,14,7,9,4,0,0,0
src/main/java/org/636766801a6d9265ec017477/636766801a6d9265ec017477.java,21.1,8,30,14,7,9,4,0,0,0
src/main/java/org/636766801a6d9265ec017482,17.9,5,23,11,4,4,4,0,0,0
src/main/java/org/636766801a6d9265ec017482/636766801a6d9265ec017482.java,17.9,5,23,11,4,4,4,0,0,0
src/main/java/org/636766801a6d9265ec017487,26.1,6,17,7,3,3,3,0,0,0
src/main/java/org/636766801a6d9265ec017487/636766801a6d9265ec017487.java,26.1,6,17,7,3,3,3,0,0,0
src/main/java/org/636766811a6d9265ec017496,8.7,2,21,6,5,3,2,0,0,0
src/main/java/org/636766811a6d9265ec017496/636766811a6d9265ec017496.java,8.7,2,21,6,5,3,2,0,0,0
src/main/java/org/636766811a6d9265ec017499,21.1,4,15,7,6,5,2,0,0,0
src/main/java/org/636766811a6d9265ec017499/636766811a6d9265ec017499.java,21.1,4,15,7,6,5,2,0,0,0
src/main/java/org/636766821a6d9265ec0174b3,14.7,5,29,12,8,6,1,0,0,0
src/main/java/org/636766821a6d9265ec0174b3/636766821a6d9265ec0174b3.java,14.7,5,29,12,8,6,1,0,0,0
src/main/java/org/636766821a6d9265ec0174b6,11.6,5,38,21,8,18,7,0,0,0
src/main/java/org/636766821a6d9265ec0174b6/636766821a6d9265ec0174b6.java,11.6,5,38,21,8,18,7,0,0,0
src/main/java/org/636766821a6d9265ec0174bf,26.3,5,14,7,5,4,4,0,0,0
src/main/java/org/636766821a6d9265ec0174bf/636766821a6d9265ec0174bf.java,26.3,5,14,7,5,4,4,0,0,0
src/main/java/org/636766821a6d9265ec0174c9,18.9,7,30,17,5,9,5,0,0,0
src/main/java/org/636766821a6d9265ec0174c9/636766821a6d9265ec0174c9.java,18.9,7,30,17,5,9,5,0,0,0
src/main/java/org/636766821a6d9265ec0174d2,18.8,3,13,3,2,1,2,0,0,0
src/main/java/org/636766821a6d9265ec0174d2/636766821a6d9265ec0174d2.java,18.8,3,13,3,2,1,2,0,0,0
src/main/java/org/636766831a6d9265ec0174eb,25.8,8,23,11,7,6,3,0,0,0
src/main/java/org/636766831a6d9265ec0174eb/636766831a6d9265ec0174eb.java,25.8,8,23,11,7,6,3,0,0,0
src/main/java/org/636766851a6d9265ec017515,21.2,7,26,10,5,1,2,0,0,0
src/main/java/org/636766851a6d9265ec017515/636766851a6d9265ec017515.java,21.2,7,26,10,5,1,2,0,0,0
src/main/java/org/636766851a6d9265ec01751b,33.3,7,14,7,7,6,3,0,0,0
src/main/java/org/636766851a6d9265ec01751b/636766851a6d9265ec01751b.java,33.3,7,14,7,7,6,3,0,0,0
src/main/java/org/636766861a6d9265ec017553,17.6,3,14,4,3,1,1,0,0,0
src/main/java/org/636766861a6d9265ec017553/636766861a6d9265ec017553.java,17.6,3,14,4,3,1,1,0,0,0
src/main/java/org/636766861a6d9265ec01755a,14.3,3,18,7,4,2,1,0,0,0
src/main/java/org/636766861a6d9265ec01755a/636766861a6d9265ec01755a.java,14.3,3,18,7,4,2,1,0,0,0
src/main/java/org/636766a81a6d9265ec01757b,20.8,5,19,6,3,2,1,0,0,0
src/main/java/org/636766a81a6d9265ec01757b/636766a81a6d9265ec01757b.java,20.8,5,19,6,3,2,1,0,0,0
src/main/java/org/636766a81a6d9265ec017586,11.8,2,15,5,5,3,3,0,0,0
src/main/java/org/636766a81a6d9265ec017586/636766a81a6d9265ec017586.java,11.8,2,15,5,5,3,3,0,0,0
src/main/java/org/636766a81a6d9265ec01758e,10.6,5,42,25,13,18,2,0,0,0
src/main/java/org/636766a81a6d9265ec01758e/636766a81a6d9265ec01758e.java,10.6,5,42,25,13,18,2,0,0,0
src/main/java/org/636766a81a6d9265ec017595,26.1,6,17,7,3,1,1,0,0,0
src/main/java/org/636766a81a6d9265ec017595/636766a81a6d9265ec017595.java,26.1,6,17,7,3,1,1,0,0,0
src/main/java/org/636766a81a6d9265ec017596,6.9,2,27,12,5,1,3,0,0,0
src/main/java/org/636766a81a6d9265ec017596/636766a81a6d9265ec017596.java,6.9,2,27,12,5,1,3,0,0,0
src/main/java/org/636766a91a6d9265ec0175ae,28.2,11,28,12,6,3,1,0,0,0
src/main/java/org/636766a91a6d9265ec0175ae/636766a91a6d9265ec0175ae.java,28.2,11,28,12,6,3,1,0,0,0
src/main/java/org/636766a91a6d9265ec0175c1,23.5,4,13,5,2,1,3,0,0,0
src/main/java/org/636766a91a6d9265ec0175c1/636766a91a6d9265ec0175c1.java,23.5,4,13,5,2,1,3,0,0,0
src/main/java/org/636766a91a6d9265ec0175c2,16.7,3,15,5,3,1,4,0,0,0
src/main/java/org/636766a91a6d9265ec0175c2/636766a91a6d9265ec0175c2.java,16.7,3,15,5,3,1,4,0,0,0
src/main/java/org/636766a91a6d9265ec0175c4,23.1,9,30,15,6,9,2,0,0,0
src/main/java/org/636766a91a6d9265ec0175c4/636766a91a6d9265ec0175c4.java,23.1,9,30,15,6,9,2,0,0,0
src/main/java/org/636766aa1a6d9265ec0175ce,36.0,9,16,8,3,2,2,0,0,0
src/main/java/org/636766aa1a6d9265ec0175ce/636766aa1a6d9265ec0175ce.java,36.0,9,16,8,3,2,2,0,0,0
src/main/java/org/636766ae1a6d9265ec0175d8,7.1,2,26,10,6,5,2,0,0,0
src/main/java/org/636766ae1a6d9265ec0175d8/636766ae1a6d9265ec0175d8.java,7.1,2,26,10,6,5,2,0,0,0
src/main/java/org/636766ae1a6d9265ec0175dc,25.0,2,6,1,1,0,1,0,0,0
src/main/java/org/636766ae1a6d9265ec0175dc/636766ae1a6d9265ec0175dc.java,25.0,2,6,1,1,0,1,0,0,0
src/main/java/org/636766ef1a6d9265ec01761a,29.2,7,17,6,4,3,1,0,0,0
src/main/java/org/636766ef1a6d9265ec01761a/636766ef1a6d9265ec01761a.java,29.2,7,17,6,4,3,1,0,0,0
src/main/java/org/636766f01a6d9265ec01762e,45.5,5,6,1,2,1,2,0,0,0
src/main/java/org/636766f01a6d9265ec01762e/636766f01a6d9265ec01762e.java,45.5,5,6,1,2,1,2,0,0,0
src/main/java/org/636766f01a6d9265ec017639,15.4,2,11,3,3,2,3,0,0,0
src/main/java/org/636766f01a6d9265ec017639/636766f01a6d9265ec017639.java,15.4,2,11,3,3,2,3,0,0,0
src/main/java/org/636766f01a6d9265ec01763e,9.7,3,28,17,4,3,4,0,0,0
src/main/java/org/636766f01a6d9265ec01763e/636766f01a6d9265ec01763e.java,9.7,3,28,17,4,3,4,0,0,0
src/main/java/org/636766f11a6d9265ec017641,5.9,1,16,3,3,0,2,0,0,0
src/main/java/org/636766f11a6d9265ec017641/636766f11a6d9265ec017641.java,5.9,1,16,3,3,0,2,0,0,0
src/main/java/org/636766f11a6d9265ec01764f,0.0,0,30,14,6,6,2,0,0,0
src/main/java/org/636766f11a6d9265ec01764f/636766f11a6d9265ec01764f.java,0.0,0,30,14,6,6,2,0,0,0
src/main/java/org/636766f11a6d9265ec017651,41.2,7,10,3,3,2,2,0,0,0
src/main/java/org/636766f11a6d9265ec017651/636766f11a6d9265ec017651.java,41.2,7,10,3,3,2,2,0,0,0
src/main/java/org/636766f11a6d9265ec017658,29.4,5,12,5,2,1,2,0,0,0
src/main/java/org/636766f11a6d9265ec017658/636766f11a6d9265ec017658.java,29.4,5,12,5,2,1,2,0,0,0
src/main/java/org/636766f11a6d9265ec017663,25.0,5,15,7,5,4,2,0,0,0
src/main/java/org/636766f11a6d9265ec017663/636766f11a6d9265ec017663.java,25.0,5,15,7,5,4,2,0,0,0
src/main/java/org/636766f21a6d9265ec017667,20.0,2,8,1,1,0,1,0,0,0
src/main/java/org/636766f21a6d9265ec017667/636766f21a6d9265ec017667.java,20.0,2,8,1,1,0,1,0,0,0
src/main/java/org/636766f21a6d9265ec017677,62.5,10,6,1,1,0,2,0,0,0
src/main/java/org/636766f21a6d9265ec017677/636766f21a6d9265ec017677.java,62.5,10,6,1,1,0,2,0,0,0
src/main/java/org/636766f21a6d9265ec01767d,40.0,4,6,1,2,1,2,0,0,0
src/main/java/org/636766f21a6d9265ec01767d/636766f21a6d9265ec01767d.java,40.0,4,6,1,2,1,2,0,0,0
src/main/java/org/636766f31a6d9265ec01768f,33.3,4,8,3,2,1,2,0,0,0
src/main/java/org/636766f31a6d9265ec01768f/636766f31a6d9265ec01768f.java,33.3,4,8,3,2,1,2,0,0,0
src/main/java/org/636766f61a6d9265ec017701,30.8,4,9,3,3,2,2,0,0,0
src/main/java/org/636766f61a6d9265ec017701/636766f61a6d9265ec017701.java,30.8,4,9,3,3,2,2,0,0,0
src/main/java/org/636766f71a6d9265ec017730,15.8,3,16,8,4,4,3,0,0,0
src/main/java/org/636766f71a6d9265ec017730/636766f71a6d9265ec017730.java,15.8,3,16,8,4,4,3,0,0,0
src/main/java/org/636766f81a6d9265ec017748,11.8,2,15,6,3,3,2,0,0,0
src/main/java/org/636766f81a6d9265ec017748/636766f81a6d9265ec017748.java,11.8,2,15,6,3,3,2,0,0,0
src/main/java/org/636766f81a6d9265ec01774b,15.0,3,17,6,3,1,1,0,0,0
src/main/java/org/636766f81a6d9265ec01774b/636766f81a6d9265ec01774b.java,15.0,3,17,6,3,1,1,0,0,0
src/main/java/org/636766f81a6d9265ec017758,0.0,0,10,1,1,0,1,0,1,0
src/main/java/org/636766f81a6d9265ec017758/636766f81a6d9265ec017758.java,0.0,0,10,1,1,0,1,0,1,0
src/main/java/org/636766f81a6d9265ec01775b,16.7,3,15,2,1,0,1,0,0,0
src/main/java/org/636766f81a6d9265ec01775b/636766f81a6d9265ec01775b.java,16.7,3,15,2,1,0,1,0,0,0
src/main/java/org/636766f81a6d9265ec01775c,68.4,13,6,1,2,1,2,0,0,0
src/main/java/org/636766f81a6d9265ec01775c/636766f81a6d9265ec01775c.java,68.4,13,6,1,2,1,2,0,0,0
src/main/java/org/636766f91a6d9265ec01776e,10.3,3,26,12,7,4,4,0,0,0
src/main/java/org/636766f91a6d9265ec01776e/636766f91a6d9265ec01776e.java,10.3,3,26,12,7,4,4,0,0,0
src/main/java/org/636766f91a6d9265ec01777d,12.5,2,14,7,7,6,2,0,0,0
src/main/java/org/636766f91a6d9265ec01777d/636766f91a6d9265ec01777d.java,12.5,2,14,7,7,6,2,0,0,0
src/main/java/org/636766f91a6d9265ec01777f,60.0,9,6,1,2,1,2,0,0,0
src/main/java/org/636766f91a6d9265ec01777f/636766f91a6d9265ec01777f.java,60.0,9,6,1,2,1,2,0,0,0
src/main/java/org/636766fa1a6d9265ec017796,27.8,5,13,6,3,2,3,0,0,0
src/main/java/org/636766fa1a6d9265ec017796/636766fa1a6d9265ec017796.java,27.8,5,13,6,3,2,3,0,0,0
src/main/java/org/636766fa1a6d9265ec01779c,16.0,4,21,10,4,3,2,0,0,0
src/main/java/org/636766fa1a6d9265ec01779c/636766fa1a6d9265ec01779c.java,16.0,4,21,10,4,3,2,0,0,0
src/main/java/org/636766fa1a6d9265ec01779d,66.7,12,6,1,2,1,2,0,0,0
src/main/java/org/636766fa1a6d9265ec01779d/636766fa1a6d9265ec01779d.java,66.7,12,6,1,2,1,2,0,0,0
src/main/java/org/636766fa1a6d9265ec0177a4,27.8,5,13,6,3,2,3,0,0,0
src/main/java/org/636766fa1a6d9265ec0177a4/636766fa1a6d9265ec0177a4.java,27.8,5,13,6,3,2,3,0,0,0
src/main/java/org/636766fa1a6d9265ec0177a9,17.6,3,14,4,3,1,2,0,0,0
src/main/java/org/636766fa1a6d9265ec0177a9/636766fa1a6d9265ec0177a9.java,17.6,3,14,4,3,1,2,0,0,0
src/main/java/org/636766fb1a6d9265ec0177c1,64.7,11,6,1,2,1,2,0,0,0
src/main/java/org/636766fb1a6d9265ec0177c1/636766fb1a6d9265ec0177c1.java,64.7,11,6,1,2,1,2,0,0,0
src/main/java/org/636766fb1a6d9265ec0177c3,64.7,11,6,1,1,0,2,0,0,0
src/main/java/org/636766fb1a6d9265ec0177c3/636766fb1a6d9265ec0177c3.java,64.7,11,6,1,1,0,2,0,0,0
src/main/java/org/636766fc1a6d9265ec0177da,9.4,3,29,5,19,2,4,0,0,0
src/main/java/org/636766fc1a6d9265ec0177da/636766fc1a6d9265ec0177da.java,9.4,3,29,5,19,2,4,0,0,0
src/main/java/org/636766fc1a6d9265ec0177ef,15.0,3,17,8,4,4,2,0,0,0
src/main/java/org/636766fc1a6d9265ec0177ef/636766fc1a6d9265ec0177ef.java,15.0,3,17,8,4,4,2,0,0,0
src/main/java/org/636766fd1a6d9265ec017814,18.5,5,22,12,9,9,2,0,0,0
src/main/java/org/636766fd1a6d9265ec017814/636766fd1a6d9265ec017814.java,18.5,5,22,12,9,9,2,0,0,0
src/main/java/org/636766fe1a6d9265ec01781c,55.0,11,9,3,2,1,2,0,0,0
src/main/java/org/636766fe1a6d9265ec01781c/636766fe1a6d9265ec01781c.java,55.0,11,9,3,2,1,2,0,0,0
src/main/java/org/636766fe1a6d9265ec017821,23.5,4,13,6,3,3,2,0,0,0
src/main/java/org/636766fe1a6d9265ec017821/636766fe1a6d9265ec017821.java,23.5,4,13,6,3,3,2,0,0,0
src/main/java/org/636766fe1a6d9265ec017823,9.1,6,60,23,9,4,3,0,0,0
src/main/java/org/636766fe1a6d9265ec017823/636766fe1a6d9265ec017823.java,9.1,6,60,23,9,4,3,0,0,0
src/main/java/org/636766fe1a6d9265ec01782a,14.6,7,41,20,15,4,4,0,0,0
src/main/java/org/636766fe1a6d9265ec01782a/636766fe1a6d9265ec01782a.java,14.6,7,41,20,15,4,4,0,0,0
src/main/java/org/636766fe1a6d9265ec017833,9.1,4,40,17,9,10,4,0,1,0
src/main/java/org/636766fe1a6d9265ec017833/636766fe1a6d9265ec017833.java,9.1,4,40,17,9,10,4,0,1,0
src/main/java/org/636766fe1a6d9265ec017834,25.0,2,6,1,1,0,2,0,0,0
src/main/java/org/636766fe1a6d9265ec017834/636766fe1a6d9265ec017834.java,25.0,2,6,1,1,0,2,0,0,0
src/main/java/org/636766fe1a6d9265ec017838,29.4,5,12,6,3,2,3,0,0,0
src/main/java/org/636766fe1a6d9265ec017838/636766fe1a6d9265ec017838.java,29.4,5,12,6,3,2,3,0,0,0
src/main/java/org/636766ff1a6d9265ec01783b,4.5,1,21,12,6,5,3,0,0,0
src/main/java/org/636766ff1a6d9265ec01783b/636766ff1a6d9265ec01783b.java,4.5,1,21,12,6,5,3,0,0,0
src/main/java/org/636766ff1a6d9265ec017842,31.6,6,13,6,3,2,3,0,0,0
src/main/java/org/636766ff1a6d9265ec017842/636766ff1a6d9265ec017842.java,31.6,6,13,6,3,2,3,0,0,0
src/main/java/org/636766ff1a6d9265ec01784b,22.2,4,14,6,5,5,2,0,0,0
src/main/java/org/636766ff1a6d9265ec01784b/636766ff1a6d9265ec01784b.java,22.2,4,14,6,5,5,2,0,0,0
src/main/java/org/636766ff1a6d9265ec017851,27.6,8,21,10,5,5,1,0,0,0
src/main/java/org/636766ff1a6d9265ec017851/636766ff1a6d9265ec017851.java,27.6,8,21,10,5,5,1,0,0,0
src/main/java/org/636766ff1a6d9265ec017853,26.7,4,11,5,2,1,1,0,0,0
src/main/java/org/636766ff1a6d9265ec017853/636766ff1a6d9265ec017853.java,26.7,4,11,5,2,1,1,0,0,0
src/main/java/org/636767001a6d9265ec017873,50.0,9,9,3,2,1,2,0,0,0
src/main/java/org/636767001a6d9265ec017873/636767001a6d9265ec017873.java,50.0,9,9,3,2,1,2,0,0,0
src/main/java/org/636767001a6d9265ec01787e,30.0,3,7,1,1,0,1,0,0,0
src/main/java/org/636767001a6d9265ec01787e/636767001a6d9265ec01787e.java,30.0,3,7,1,1,0,1,0,0,0
src/main/java/org/636767001a6d9265ec01787f,40.0,4,6,1,1,0,1,0,0,0
src/main/java/org/636767001a6d9265ec01787f/636767001a6d9265ec01787f.java,40.0,4,6,1,1,0,1,0,0,0
src/main/java/org/636767021a6d9265ec0178b2,14.3,3,18,10,4,4,4,0,0,0
src/main/java/org/636767021a6d9265ec0178b2/636767021a6d9265ec0178b2.java,14.3,3,18,10,4,4,4,0,0,0
src/main/java/org/636767021a6d9265ec0178bb,41.2,7,10,3,3,2,2,0,0,0
src/main/java/org/636767021a6d9265ec0178bb/636767021a6d9265ec0178bb.java,41.2,7,10,3,3,2,2,0,0,0
src/main/java/org/636767021a6d9265ec0178bc,30.8,4,9,3,3,2,2,0,0,0
src/main/java/org/636767021a6d9265ec0178bc/636767021a6d9265ec0178bc.java,30.8,4,9,3,3,2,2,0,0,0
src/main/java/org/636767021a6d9265ec0178bf,18.2,6,27,15,8,9,6,0,0,0
src/main/java/org/636767021a6d9265ec0178bf/636767021a6d9265ec0178bf.java,18.2,6,27,15,8,9,6,0,0,0
src/main/java/org/636767031a6d9265ec0178dd,21.4,3,11,4,2,1,2,0,0,0
src/main/java/org/636767031a6d9265ec0178dd/636767031a6d9265ec0178dd.java,21.4,3,11,4,2,1,2,0,0,0
src/main/java/org/636767031a6d9265ec0178e6,27.8,5,13,6,3,2,3,0,0,0
src/main/java/org/636767031a6d9265ec0178e6/636767031a6d9265ec0178e6.java,27.8,5,13,6,3,2,3,0,0,0
src/main/java/org/636767031a6d9265ec0178ef,25.0,4,12,6,2,1,4,0,0,0
src/main/java/org/636767031a6d9265ec0178ef/636767031a6d9265ec0178ef.java,25.0,4,12,6,2,1,4,0,0,0
src/main/java/org/636767041a6d9265ec0178f8,35.0,7,13,6,4,4,4,0,0,0
src/main/java/org/636767041a6d9265ec0178f8/636767041a6d9265ec0178f8.java,35.0,7,13,6,4,4,4,0,0,0
src/main/java/org/636767041a6d9265ec01790f,27.8,5,13,6,3,2,3,0,0,0
src/main/java/org/636767041a6d9265ec01790f/636767041a6d9265ec01790f.java,27.8,5,13,6,3,2,3,0,0,0
src/main/java/org/636767041a6d9265ec017911,23.1,3,10,2,2,1,2,0,0,0
src/main/java/org/636767041a6d9265ec017911/636767041a6d9265ec017911.java,23.1,3,10,2,2,1,2,0,0,0
src/main/java/org/636767061a6d9265ec01794a,26.7,8,22,10,5,3,2,0,0,0
src/main/java/org/636767061a6d9265ec01794a/636767061a6d9265ec01794a.java,26.7,8,22,10,5,3,2,0,0,0
src/main/java/org/636767071a6d9265ec017962,18.5,5,22,11,4,7,2,0,0,0
src/main/java/org/636767071a6d9265ec017962/636767071a6d9265ec017962.java,18.5,5,22,11,4,7,2,0,0,0
src/main/java/org/636767081a6d9265ec017989,31.6,6,13,6,3,2,3,0,0,0
src/main/java/org/636767081a6d9265ec017989/636767081a6d9265ec017989.java,31.6,6,13,6,3,2,3,0,0,0
src/main/java/org/636767081a6d9265ec0179a2,18.8,3,13,6,4,4,3,0,0,0
src/main/java/org/636767081a6d9265ec0179a2/636767081a6d9265ec0179a2.java,18.8,3,13,6,4,4,3,0,0,0
src/main/java/org/6367670a1a6d9265ec0179cf,52.6,10,9,3,2,1,2,0,0,0
src/main/java/org/6367670a1a6d9265ec0179cf/6367670a1a6d9265ec0179cf.java,52.6,10,9,3,2,1,2,0,0,0
src/main/java/org/6367670a1a6d9265ec0179d8,6.3,1,15,4,3,1,2,0,0,0
src/main/java/org/6367670a1a6d9265ec0179d8/6367670a1a6d9265ec0179d8.java,6.3,1,15,4,3,1,2,0,0,0
src/main/java/org/6367670a1a6d9265ec0179d9,44.4,4,5,1,2,1,2,0,0,0
src/main/java/org/6367670a1a6d9265ec0179d9/6367670a1a6d9265ec0179d9.java,44.4,4,5,1,2,1,2,0,0,0
src/main/java/org/6367670a1a6d9265ec0179dc,0.0,0,51,26,12,2,2,0,2,0
src/main/java/org/6367670a1a6d9265ec0179dc/6367670a1a6d9265ec0179dc.java,0.0,0,51,26,12,2,2,0,2,0
src/main/java/org/6367670a1a6d9265ec0179e7,20.0,8,32,17,8,9,1,0,0,0
src/main/java/org/6367670a1a6d9265ec0179e7/6367670a1a6d9265ec0179e7.java,20.0,8,32,17,8,9,1,0,0,0
src/main/java/org/6367670a1a6d9265ec0179e8,44.4,8,10,3,3,2,2,0,0,0
src/main/java/org/6367670a1a6d9265ec0179e8/6367670a1a6d9265ec0179e8.java,44.4,8,10,3,3,2,2,0,0,0
src/main/java/org/6367670a1a6d9265ec0179f1,27.8,5,13,6,3,2,3,0,0,0
src/main/java/org/6367670a1a6d9265ec0179f1/6367670a1a6d9265ec0179f1.java,27.8,5,13,6,3,2,3,0,0,0
src/main/java/org/6367670b1a6d9265ec0179f2,12.5,3,21,10,8,14,1,0,0,0
src/main/java/org/6367670b1a6d9265ec0179f2/6367670b1a6d9265ec0179f2.java,12.5,3,21,10,8,14,1,0,0,0
src/main/java/org/6367670b1a6d9265ec0179fe,28.1,9,23,10,4,2,3,0,0,0
src/main/java/org/6367670b1a6d9265ec0179fe/6367670b1a6d9265ec0179fe.java,28.1,9,23,10,4,2,3,0,0,0
src/main/java/org/6367670b1a6d9265ec0179ff,44.4,8,10,3,3,2,2,0,0,0
src/main/java/org/6367670b1a6d9265ec0179ff/6367670b1a6d9265ec0179ff.java,44.4,8,10,3,3,2,2,0,0,0
src/main/java/org/6367670b1a6d9265ec017a00,25.0,5,15,7,5,4,2,0,0,0
src/main/java/org/6367670b1a6d9265ec017a00/6367670b1a6d9265ec017a00.java,25.0,5,15,7,5,4,2,0,0,0
src/main/java/org/6367670b1a6d9265ec017a05,42.3,11,15,5,3,2,2,0,0,0
src/main/java/org/6367670b1a6d9265ec017a05/6367670b1a6d9265ec017a05.java,42.3,11,15,5,3,2,2,0,0,0
src/main/java/org/6367670b1a6d9265ec017a0f,5.3,1,18,10,6,7,3,0,0,0
src/main/java/org/6367670b1a6d9265ec017a0f/6367670b1a6d9265ec017a0f.java,5.3,1,18,10,6,7,3,0,0,0
src/main/java/org/6367670c1a6d9265ec017a2a,33.3,6,12,6,3,2,4,0,0,0
src/main/java/org/6367670c1a6d9265ec017a2a/6367670c1a6d9265ec017a2a.java,33.3,6,12,6,3,2,4,0,0,0
src/main/java/org/6367670c1a6d9265ec017a35,25.0,6,18,8,7,6,3,0,0,0
src/main/java/org/6367670c1a6d9265ec017a35/6367670c1a6d9265ec017a35.java,25.0,6,18,8,7,6,3,0,0,0
src/main/java/org/636767121a6d9265ec017b0a,33.3,7,14,6,5,4,2,0,0,0
src/main/java/org/636767121a6d9265ec017b0a/636767121a6d9265ec017b0a.java,33.3,7,14,6,5,4,2,0,0,0
src/main/java/org/636767131a6d9265ec017b23,10.5,2,17,6,4,2,1,0,0,0
src/main/java/org/636767131a6d9265ec017b23/636767131a6d9265ec017b23.java,10.5,2,17,6,4,2,1,0,0,0
src/main/java/org/636767151a6d9265ec017b6b,25.0,6,18,9,7,6,2,0,0,0
src/main/java/org/636767151a6d9265ec017b6b/636767151a6d9265ec017b6b.java,25.0,6,18,9,7,6,2,0,0,0
src/main/java/org/636767191a6d9265ec017c0f,23.5,4,13,5,2,1,3,0,0,0
src/main/java/org/636767191a6d9265ec017c0f/636767191a6d9265ec017c0f.java,23.5,4,13,5,2,1,3,0,0,0
src/main/java/org/6367671a1a6d9265ec017c15,28.2,11,28,12,6,3,3,0,0,0
src/main/java/org/6367671a1a6d9265ec017c15/6367671a1a6d9265ec017c15.java,28.2,11,28,12,6,3,3,0,0,0
src/main/java/org/6367672d1a6d9265ec017c73,15.8,3,16,5,4,2,2,0,0,0
src/main/java/org/6367672d1a6d9265ec017c73/6367672d1a6d9265ec017c73.java,15.8,3,16,5,4,2,2,0,0,0
src/main/java/org/6367672d1a6d9265ec017c74,20.0,3,12,3,2,0,2,0,0,0
src/main/java/org/6367672d1a6d9265ec017c74/6367672d1a6d9265ec017c74.java,20.0,3,12,3,2,0,2,0,0,0
src/main/java/org/6367672d1a6d9265ec017c78,9.1,1,10,2,2,0,1,0,0,0
src/main/java/org/6367672d1a6d9265ec017c78/6367672d1a6d9265ec017c78.java,9.1,1,10,2,2,0,1,0,0,0
src/main/java/org/636767431a6d9265ec017c88,20.0,5,20,11,6,8,2,0,0,0
src/main/java/org/636767431a6d9265ec017c88/636767431a6d9265ec017c88.java,20.0,5,20,11,6,8,2,0,0,0
src/main/java/org/636767431a6d9265ec017c8d,16.7,2,10,5,2,1,2,0,0,0
src/main/java/org/636767431a6d9265ec017c8d/636767431a6d9265ec017c8d.java,16.7,2,10,5,2,1,2,0,0,0
src/main/java/org/636767441a6d9265ec017cc1,14.3,5,30,13,6,3,3,0,0,0
src/main/java/org/636767441a6d9265ec017cc1/636767441a6d9265ec017cc1.java,14.3,5,30,13,6,3,3,0,0,0
src/main/java/org/636767461a6d9265ec017d0e,25.0,7,21,12,5,4,2,0,0,0
src/main/java/org/636767461a6d9265ec017d0e/636767461a6d9265ec017d0e.java,25.0,7,21,12,5,4,2,0,0,0
src/main/java/org/636767461a6d9265ec017d17,16.7,5,25,15,7,6,2,0,0,0
src/main/java/org/636767461a6d9265ec017d17/636767461a6d9265ec017d17.java,16.7,5,25,15,7,6,2,0,0,0
src/main/java/org/636767491a6d9265ec017d90,30.4,7,16,9,5,3,3,0,0,0
src/main/java/org/636767491a6d9265ec017d90/636767491a6d9265ec017d90.java,30.4,7,16,9,5,3,3,0,0,0
src/main/java/org/6367674a1a6d9265ec017da9,12.8,5,34,16,5,4,2,0,0,0
src/main/java/org/6367674a1a6d9265ec017da9/6367674a1a6d9265ec017da9.java,12.8,5,34,16,5,4,2,0,0,0
src/main/java/org/6367674a1a6d9265ec017dab,28.6,4,10,3,3,2,1,0,0,0
src/main/java/org/6367674a1a6d9265ec017dab/6367674a1a6d9265ec017dab.java,28.6,4,10,3,3,2,1,0,0,0
src/main/java/org/6367674b1a6d9265ec017dc0,21.1,4,15,8,4,4,3,0,0,0
src/main/java/org/6367674b1a6d9265ec017dc0/6367674b1a6d9265ec017dc0.java,21.1,4,15,8,4,4,3,0,0,0
src/main/java/org/6367674f1a6d9265ec017e74,12.5,3,21,12,4,2,1,0,0,0
src/main/java/org/6367674f1a6d9265ec017e74/6367674f1a6d9265ec017e74.java,12.5,3,21,12,4,2,1,0,0,0
src/main/java/org/636767501a6d9265ec017e86,12.0,3,22,7,4,2,2,0,0,0
src/main/java/org/636767501a6d9265ec017e86/636767501a6d9265ec017e86.java,12.0,3,22,7,4,2,2,0,0,0
src/main/java/org/636767511a6d9265ec017eb0,20.0,4,16,7,5,5,2,0,0,0
src/main/java/org/636767511a6d9265ec017eb0/636767511a6d9265ec017eb0.java,20.0,4,16,7,5,5,2,0,0,0
src/main/java/org/636767511a6d9265ec017eb6,20.5,9,35,15,9,10,5,0,0,0
src/main/java/org/636767511a6d9265ec017eb6/636767511a6d9265ec017eb6.java,20.5,9,35,15,9,10,5,0,0,0
src/main/java/org/636767521a6d9265ec017ecc,14.6,6,35,12,6,0,2,0,0,0
src/main/java/org/636767521a6d9265ec017ecc/636767521a6d9265ec017ecc.java,14.6,6,35,12,6,0,2,0,0,0
src/main/java/org/636767531a6d9265ec017ef1,28.6,4,10,6,5,4,2,0,0,0
src/main/java/org/636767531a6d9265ec017ef1/636767531a6d9265ec017ef1.java,28.6,4,10,6,5,4,2,0,0,0
src/main/java/org/636767531a6d9265ec017efb,30.0,6,14,6,2,1,1,0,0,0
src/main/java/org/636767531a6d9265ec017efb/636767531a6d9265ec017efb.java,30.0,6,14,6,2,1,1,0,0,0
src/main/java/org/636767551a6d9265ec017f3f,33.3,5,10,5,6,2,3,0,0,0
src/main/java/org/636767551a6d9265ec017f3f/636767551a6d9265ec017f3f.java,33.3,5,10,5,6,2,3,0,0,0
src/main/java/org/636767561a6d9265ec017f63,4.5,1,21,8,4,3,1,0,0,0
src/main/java/org/636767561a6d9265ec017f63/636767561a6d9265ec017f63.java,4.5,1,21,8,4,3,1,0,0,0
src/main/java/org/636767561a6d9265ec017f7c,8.8,5,52,38,10,15,10,0,0,0
src/main/java/org/636767561a6d9265ec017f7c/636767561a6d9265ec017f7c.java,8.8,5,52,38,10,15,10,0,0,0
src/main/java/org/636767581a6d9265ec017fb4,17.9,5,23,12,6,8,5,0,0,0
src/main/java/org/636767581a6d9265ec017fb4/636767581a6d9265ec017fb4.java,17.9,5,23,12,6,8,5,0,0,0
src/main/java/org/636767581a6d9265ec017fc4,16.7,3,15,8,5,4,2,0,0,0
src/main/java/org/636767581a6d9265ec017fc4/636767581a6d9265ec017fc4.java,16.7,3,15,8,5,4,2,0,0,0
src/main/java/org/6367675a1a6d9265ec018010,19.0,4,17,4,4,1,2,0,0,0
src/main/java/org/6367675a1a6d9265ec018010/6367675a1a6d9265ec018010.java,19.0,4,17,4,4,1,2,0,0,0
src/main/java/org/6367675c1a6d9265ec018058,25.0,3,9,2,2,0,2,0,0,0
src/main/java/org/6367675c1a6d9265ec018058/6367675c1a6d9265ec018058.java,25.0,3,9,2,2,0,2,0,0,0
src/main/java/org/6367675c1a6d9265ec01805b,5.0,1,19,8,3,2,5,0,0,0
src/main/java/org/6367675c1a6d9265ec01805b/6367675c1a6d9265ec01805b.java,5.0,1,19,8,3,2,5,0,0,0
src/main/java/org/6367675d1a6d9265ec018082,8.9,4,41,17,9,7,4,0,0,0
src/main/java/org/6367675d1a6d9265ec018082/6367675d1a6d9265ec018082.java,8.9,4,41,17,9,7,4,0,0,0
src/main/java/org/6367675f1a6d9265ec0180cf,33.3,8,16,8,5,10,3,0,0,0
src/main/java/org/6367675f1a6d9265ec0180cf/6367675f1a6d9265ec0180cf.java,33.3,8,16,8,5,10,3,0,0,0
src/main/java/org/6367675f1a6d9265ec0180d3,38.1,16,26,9,3,2,4,0,0,0
src/main/java/org/6367675f1a6d9265ec0180d3/6367675f1a6d9265ec0180d3.java,38.1,16,26,9,3,2,4,0,0,0
src/main/java/org/636767601a6d9265ec0180e2,12.5,7,49,28,10,22,3,0,0,0
src/main/java/org/636767601a6d9265ec0180e2/636767601a6d9265ec0180e2.java,12.5,7,49,28,10,22,3,0,0,0
src/main/java/org/636767601a6d9265ec0180fd,38.9,7,11,4,3,0,1,0,0,0
src/main/java/org/636767601a6d9265ec0180fd/636767601a6d9265ec0180fd.java,38.9,7,11,4,3,0,1,0,0,0
src/main/java/org/636767611a6d9265ec018106,26.9,7,19,10,5,6,3,0,0,0
src/main/java/org/636767611a6d9265ec018106/636767611a6d9265ec018106.java,26.9,7,19,10,5,6,3,0,0,0
src/main/java/org/636767611a6d9265ec018112,8.3,1,11,3,2,1,1,0,0,0
src/main/java/org/636767611a6d9265ec018112/636767611a6d9265ec018112.java,8.3,1,11,3,2,1,1,0,0,0
src/main/java/org/636767611a6d9265ec018116,28.0,7,18,10,4,4,2,0,0,0
src/main/java/org/636767611a6d9265ec018116/636767611a6d9265ec018116.java,28.0,7,18,10,4,4,2,0,0,0
src/main/java/org/636767631a6d9265ec018171,2.6,1,38,18,5,5,6,0,0,0
src/main/java/org/636767631a6d9265ec018171/636767631a6d9265ec018171.java,2.6,1,38,18,5,5,6,0,0,0
src/main/java/org/636767641a6d9265ec01817d,14.3,5,30,22,10,11,1,0,0,0
src/main/java/org/636767641a6d9265ec01817d/636767641a6d9265ec01817d.java,14.3,5,30,22,10,11,1,0,0,0
src/main/java/org/636767641a6d9265ec018190,42.1,8,11,6,2,1,2,0,0,0
src/main/java/org/636767641a6d9265ec018190/636767641a6d9265ec018190.java,42.1,8,11,6,2,1,2,0,0,0
src/main/java/org/636767691a6d9265ec0181a6,21.1,4,15,9,4,3,4,0,0,0
src/main/java/org/636767691a6d9265ec0181a6/636767691a6d9265ec0181a6.java,21.1,4,15,9,4,3,4,0,0,0
src/main/java/org/636767691a6d9265ec0181a7,25.0,4,12,6,5,4,2,0,0,0
src/main/java/org/636767691a6d9265ec0181a7/636767691a6d9265ec0181a7.java,25.0,4,12,6,5,4,2,0,0,0
src/main/java/org/636767691a6d9265ec0181aa,25.0,3,9,3,2,1,2,0,0,0
src/main/java/org/636767691a6d9265ec0181aa/636767691a6d9265ec0181aa.java,25.0,3,9,3,2,1,2,0,0,0
src/main/java/org/636767691a6d9265ec0181ac,29.4,10,24,13,6,5,4,0,0,0
src/main/java/org/636767691a6d9265ec0181ac/636767691a6d9265ec0181ac.java,29.4,10,24,13,6,5,4,0,0,0
src/main/java/org/636767691a6d9265ec0181ae,16.7,3,15,6,3,2,3,0,0,0
src/main/java/org/636767691a6d9265ec0181ae/636767691a6d9265ec0181ae.java,16.7,3,15,6,3,2,3,0,0,0
src/main/java/org/6367676a1a6d9265ec0181bf,27.3,3,8,3,2,1,2,0,0,0
src/main/java/org/6367676a1a6d9265ec0181bf/6367676a1a6d9265ec0181bf.java,27.3,3,8,3,2,1,2,0,0,0
src/main/java/org/6367676a1a6d9265ec0181cd,22.2,4,14,7,5,4,2,0,0,0
src/main/java/org/6367676a1a6d9265ec0181cd/6367676a1a6d9265ec0181cd.java,22.2,4,14,7,5,4,2,0,0,0
src/main/java/org/6367676a1a6d9265ec0181d4,26.7,4,11,6,2,1,3,0,0,0
src/main/java/org/6367676a1a6d9265ec0181d4/6367676a1a6d9265ec0181d4.java,26.7,4,11,6,2,1,3,0,0,0
src/main/java/org/6367676b1a6d9265ec0181dd,21.1,4,15,9,6,3,2,0,0,0
src/main/java/org/6367676b1a6d9265ec0181dd/6367676b1a6d9265ec0181dd.java,21.1,4,15,9,6,3,2,0,0,0
src/main/java/org/6367676b1a6d9265ec0181df,33.3,6,12,5,4,3,2,0,0,0
src/main/java/org/6367676b1a6d9265ec0181df/6367676b1a6d9265ec0181df.java,33.3,6,12,5,4,3,2,0,0,0
src/main/java/org/6367676b1a6d9265ec0181e2,22.2,4,14,7,5,5,4,0,0,0
src/main/java/org/6367676b1a6d9265ec0181e2/6367676b1a6d9265ec0181e2.java,22.2,4,14,7,5,5,4,0,0,0
src/main/java/org/6367676b1a6d9265ec0181e9,29.6,8,19,10,8,8,2,0,0,0
src/main/java/org/6367676b1a6d9265ec0181e9/6367676b1a6d9265ec0181e9.java,29.6,8,19,10,8,8,2,0,0,0
src/main/java/org/6367676b1a6d9265ec0181ee,23.5,4,13,6,4,3,2,0,0,0
src/main/java/org/6367676b1a6d9265ec0181ee/6367676b1a6d9265ec0181ee.java,23.5,4,13,6,4,3,2,0,0,0
src/main/java/org/6367676c1a6d9265ec018204,37.0,10,17,10,5,4,3,0,0,0
src/main/java/org/6367676c1a6d9265ec018204/6367676c1a6d9265ec018204.java,37.0,10,17,10,5,4,3,0,0,0
src/main/java/org/6367676c1a6d9265ec01820b,20.0,5,20,12,6,6,4,0,0,0
src/main/java/org/6367676c1a6d9265ec01820b/6367676c1a6d9265ec01820b.java,20.0,5,20,12,6,6,4,0,0,0
src/main/java/org/6367676c1a6d9265ec018220,15.0,3,17,9,4,3,2,0,0,0
src/main/java/org/6367676c1a6d9265ec018220/6367676c1a6d9265ec018220.java,15.0,3,17,9,4,3,2,0,0,0
src/main/java/org/6367676c1a6d9265ec018223,23.5,4,13,6,4,6,2,0,0,0
src/main/java/org/6367676c1a6d9265ec018223/6367676c1a6d9265ec018223.java,23.5,4,13,6,4,6,2,0,0,0
src/main/java/org/6367676d1a6d9265ec018229,18.8,3,13,6,4,4,3,0,0,0
src/main/java/org/6367676d1a6d9265ec018229/6367676d1a6d9265ec018229.java,18.8,3,13,6,4,4,3,0,0,0
src/main/java/org/636767781a6d9265ec018238,0.0,0,18,8,5,5,1,0,0,0
src/main/java/org/636767781a6d9265ec018238/636767781a6d9265ec018238.java,0.0,0,18,8,5,5,1,0,0,0
src/main/java/org/636767781a6d9265ec01823d,1.8,1,55,25,10,12,1,0,0,0
src/main/java/org/636767781a6d9265ec01823d/636767781a6d9265ec01823d.java,1.8,1,55,25,10,12,1,0,0,0
src/main/java/org/636767781a6d9265ec01823e,13.4,9,58,26,8,13,3,0,0,0
src/main/java/org/636767781a6d9265ec01823e/636767781a6d9265ec01823e.java,13.4,9,58,26,8,13,3,0,0,0
src/main/java/org/636767781a6d9265ec018242,7.7,2,24,10,5,4,1,0,0,0
src/main/java/org/636767781a6d9265ec018242/636767781a6d9265ec018242.java,7.7,2,24,10,5,4,1,0,0,0
src/main/java/org/636767781a6d9265ec018250,14.3,2,12,4,3,2,3,0,0,0
src/main/java/org/636767781a6d9265ec018250/636767781a6d9265ec018250.java,14.3,2,12,4,3,2,3,0,0,0
src/main/java/org/636767791a6d9265ec018257,13.2,5,33,17,5,3,2,0,0,0
src/main/java/org/636767791a6d9265ec018257/636767791a6d9265ec018257.java,13.2,5,33,17,5,3,2,0,0,0
src/main/java/org/636767791a6d9265ec018263,26.7,4,11,4,1,1,3,0,0,0
src/main/java/org/636767791a6d9265ec018263/636767791a6d9265ec018263.java,26.7,4,11,4,1,1,3,0,0,0
src/main/java/org/636767791a6d9265ec01826d,12.9,4,27,16,6,6,2,0,0,0
src/main/java/org/636767791a6d9265ec01826d/636767791a6d9265ec01826d.java,12.9,4,27,16,6,6,2,0,0,0
src/main/java/org/6367677b1a6d9265ec0182bd,17.6,6,28,18,4,4,1,0,1,0
src/main/java/org/6367677b1a6d9265ec0182bd/6367677b1a6d9265ec0182bd.java,17.6,6,28,18,4,4,1,0,1,0
src/main/java/org/6367677d1a6d9265ec0182fd,6.3,1,15,8,4,3,2,0,0,0
src/main/java/org/6367677d1a6d9265ec0182fd/6367677d1a6d9265ec0182fd.java,6.3,1,15,8,4,3,2,0,0,0
src/main/java/org/6367677e1a6d9265ec01830f,18.4,7,31,20,4,4,2,0,0,0
src/main/java/org/6367677e1a6d9265ec01830f/6367677e1a6d9265ec01830f.java,18.4,7,31,20,4,4,2,0,0,0
src/main/java/org/6367677e1a6d9265ec018314,4.4,2,43,18,10,6,1,0,0,0
src/main/java/org/6367677e1a6d9265ec018314/6367677e1a6d9265ec018314.java,4.4,2,43,18,10,6,1,0,0,0
src/main/java/org/6367677e1a6d9265ec01832e,25.0,3,9,3,4,3,1,0,0,0
src/main/java/org/6367677e1a6d9265ec01832e/6367677e1a6d9265ec01832e.java,25.0,3,9,3,4,3,1,0,0,0
src/main/java/org/6367677f1a6d9265ec018347,20.7,6,23,8,4,3,1,0,0,0
src/main/java/org/6367677f1a6d9265ec018347/6367677f1a6d9265ec018347.java,20.7,6,23,8,4,3,1,0,0,0
src/main/java/org/6367677f1a6d9265ec01834b,10.5,2,17,4,4,1,1,0,0,0
src/main/java/org/6367677f1a6d9265ec01834b/6367677f1a6d9265ec01834b.java,10.5,2,17,4,4,1,1,0,0,0
src/main/java/org/636767821a6d9265ec0183a0,7.7,1,12,5,5,4,3,0,0,0
src/main/java/org/636767821a6d9265ec0183a0/636767821a6d9265ec0183a0.java,7.7,1,12,5,5,4,3,0,0,0
src/main/java/org/636767821a6d9265ec0183ab,0.0,0,15,4,6,1,1,0,0,0
src/main/java/org/636767821a6d9265ec0183ab/636767821a6d9265ec0183ab.java,0.0,0,15,4,6,1,1,0,0,0
src/main/java/org/636767831a6d9265ec0183c9,11.1,2,16,5,4,2,4,0,1,0
src/main/java/org/636767831a6d9265ec0183c9/636767831a6d9265ec0183c9.java,11.1,2,16,5,4,2,4,0,1,0
src/main/java/org/636767841a6d9265ec0183e8,13.6,3,19,6,4,2,1,0,0,0
src/main/java/org/636767841a6d9265ec0183e8/636767841a6d9265ec0183e8.java,13.6,3,19,6,4,2,1,0,0,0
src/main/java/org/636767841a6d9265ec0183f2,6.3,1,15,7,5,4,1,0,0,0
src/main/java/org/636767841a6d9265ec0183f2/636767841a6d9265ec0183f2.java,6.3,1,15,7,5,4,1,0,0,0
src/main/java/org/636767841a6d9265ec0183ff,24.2,8,25,13,7,2,3,0,0,0
src/main/java/org/636767841a6d9265ec0183ff/636767841a6d9265ec0183ff.java,24.2,8,25,13,7,2,3,0,0,0
src/main/java/org/636767861a6d9265ec018440,29.6,8,19,10,7,7,5,0,0,0
src/main/java/org/636767861a6d9265ec018440/636767861a6d9265ec018440.java,29.6,8,19,10,7,7,5,0,0,0
src/main/java/org/636767861a6d9265ec01844c,6.3,1,15,5,3,2,1,0,0,0
src/main/java/org/636767861a6d9265ec01844c/636767861a6d9265ec01844c.java,6.3,1,15,5,3,2,1,0,0,0
src/main/java/org/636767871a6d9265ec01846d,12.5,3,21,11,5,6,3,0,0,0
src/main/java/org/636767871a6d9265ec01846d/636767871a6d9265ec01846d.java,12.5,3,21,11,5,6,3,0,0,0
src/main/java/org/636767a21a6d9265ec018517,2.4,1,41,19,14,6,1,0,0,0
src/main/java/org/636767a21a6d9265ec018517/636767a21a6d9265ec018517.java,2.4,1,41,19,14,6,1,0,0,0
src/main/java/org/636767a31a6d9265ec01854f,3.7,2,52,24,10,9,6,0,0,0
src/main/java/org/636767a31a6d9265ec01854f/636767a31a6d9265ec01854f.java,3.7,2,52,24,10,9,6,0,0,0
src/main/java/org/636767a31a6d9265ec018552,25.0,6,18,7,3,1,2,0,0,0
src/main/java/org/636767a31a6d9265ec018552/636767a31a6d9265ec018552.java,25.0,6,18,7,3,1,2,0,0,0
src/main/java/org/636767a41a6d9265ec01856c,22.2,6,21,13,5,6,3,0,0,0
src/main/java/org/636767a41a6d9265ec01856c/636767a41a6d9265ec01856c.java,22.2,6,21,13,5,6,3,0,0,0
src/main/java/org/636767a41a6d9265ec018572,0.0,0,24,12,5,5,1,0,0,0
src/main/java/org/636767a41a6d9265ec018572/636767a41a6d9265ec018572.java,0.0,0,24,12,5,5,1,0,0,0
src/main/java/org/636767a41a6d9265ec01857e,31.3,5,11,5,3,2,3,0,0,0
src/main/java/org/636767a41a6d9265ec01857e/636767a41a6d9265ec01857e.java,31.3,5,11,5,3,2,3,0,0,0
src/main/java/org/636767a41a6d9265ec018582,16.2,6,31,19,9,8,2,0,0,0
src/main/java/org/636767a41a6d9265ec018582/636767a41a6d9265ec018582.java,16.2,6,31,19,9,8,2,0,0,0
src/main/java/org/636767a51a6d9265ec01859d,5.3,1,18,8,9,7,1,0,0,0
src/main/java/org/636767a51a6d9265ec01859d/636767a51a6d9265ec01859d.java,5.3,1,18,8,9,7,1,0,0,0
src/main/java/org/636767a61a6d9265ec0185b7,6.7,1,14,7,7,6,3,0,0,0
src/main/java/org/636767a61a6d9265ec0185b7/636767a61a6d9265ec0185b7.java,6.7,1,14,7,7,6,3,0,0,0
src/main/java/org/636767a81a6d9265ec0185fc,1.7,1,58,33,12,12,2,0,0,0
src/main/java/org/636767a81a6d9265ec0185fc/636767a81a6d9265ec0185fc.java,1.7,1,58,33,12,12,2,0,0,0
src/main/java/org/636767aa1a6d9265ec01864a,6.7,2,28,11,6,1,1,0,0,0
src/main/java/org/636767aa1a6d9265ec01864a/636767aa1a6d9265ec01864a.java,6.7,2,28,11,6,1,1,0,0,0
src/main/java/org/636767aa1a6d9265ec01865a,7.0,3,40,17,10,6,2,0,0,0
src/main/java/org/636767aa1a6d9265ec01865a/636767aa1a6d9265ec01865a.java,7.0,3,40,17,10,6,2,0,0,0
src/main/java/org/636767ab1a6d9265ec018676,12.5,1,7,1,6,5,3,0,0,0
src/main/java/org/636767ab1a6d9265ec018676/636767ab1a6d9265ec018676.java,12.5,1,7,1,6,5,3,0,0,0
src/main/java/org/636767ab1a6d9265ec01867b,8.5,6,65,44,14,35,3,0,0,0
src/main/java/org/636767ab1a6d9265ec01867b/636767ab1a6d9265ec01867b.java,8.5,6,65,44,14,35,3,0,0,0
src/main/java/org/636767dc1a6d9265ec0186be,25.9,7,20,12,3,3,2,0,0,0
src/main/java/org/636767dc1a6d9265ec0186be/636767dc1a6d9265ec0186be.java,25.9,7,20,12,3,3,2,0,0,0
src/main/java/org/636767dc1a6d9265ec0186c6,4.0,1,24,11,5,5,2,0,0,0
src/main/java/org/636767dc1a6d9265ec0186c6/636767dc1a6d9265ec0186c6.java,4.0,1,24,11,5,5,2,0,0,0
src/main/java/org/636767dc1a6d9265ec0186cb,10.0,3,27,12,4,6,3,0,0,0
src/main/java/org/636767dc1a6d9265ec0186cb/636767dc1a6d9265ec0186cb.java,10.0,3,27,12,4,6,3,0,0,0
src/main/java/org/636767dd1a6d9265ec0186de,30.0,3,7,2,1,0,1,0,0,0
src/main/java/org/636767dd1a6d9265ec0186de/636767dd1a6d9265ec0186de.java,30.0,3,7,2,1,0,1,0,0,0
src/main/java/org/636767dd1a6d9265ec0186e5,6.7,2,28,7,6,2,1,0,0,0
src/main/java/org/636767dd1a6d9265ec0186e5/636767dd1a6d9265ec0186e5.java,6.7,2,28,7,6,2,1,0,0,0
src/main/java/org/636767dd1a6d9265ec0186f3,39.3,11,17,8,6,4,2,0,0,0
src/main/java/org/636767dd1a6d9265ec0186f3/636767dd1a6d9265ec0186f3.java,39.3,11,17,8,6,4,2,0,0,0
src/main/java/org/636767de1a6d9265ec018706,8.8,3,31,14,6,7,2,0,0,0
src/main/java/org/636767de1a6d9265ec018706/636767de1a6d9265ec018706.java,8.8,3,31,14,6,7,2,0,0,0
src/main/java/org/636767de1a6d9265ec01871c,5.0,1,19,9,6,4,1,0,0,0
src/main/java/org/636767de1a6d9265ec01871c/636767de1a6d9265ec01871c.java,5.0,1,19,9,6,4,1,0,0,0
src/main/java/org/636767de1a6d9265ec01871e,28.0,7,18,7,5,4,4,0,0,0
src/main/java/org/636767de1a6d9265ec01871e/636767de1a6d9265ec01871e.java,28.0,7,18,7,5,4,4,0,0,0
src/main/java/org/636767de1a6d9265ec018726,10.8,4,33,14,6,1,1,0,0,0
src/main/java/org/636767de1a6d9265ec018726/636767de1a6d9265ec018726.java,10.8,4,33,14,6,1,1,0,0,0
src/main/java/org/636767df1a6d9265ec01873c,10.0,1,9,3,3,2,1,0,0,0
src/main/java/org/636767df1a6d9265ec01873c/636767df1a6d9265ec01873c.java,10.0,1,9,3,3,2,1,0,0,0
src/main/java/org/636767df1a6d9265ec018744,13.2,5,33,14,6,2,1,0,0,0
src/main/java/org/636767df1a6d9265ec018744/636767df1a6d9265ec018744.java,13.2,5,33,14,6,2,1,0,0,0
src/main/java/org/636767e01a6d9265ec018755,10.0,3,27,16,5,4,2,0,0,0
src/main/java/org/636767e01a6d9265ec018755/636767e01a6d9265ec018755.java,10.0,3,27,16,5,4,2,0,0,0
src/main/java/org/636767e01a6d9265ec018764,7.4,2,25,9,8,8,2,0,0,0
src/main/java/org/636767e01a6d9265ec018764/636767e01a6d9265ec018764.java,7.4,2,25,9,8,8,2,0,0,0
src/main/java/org/636767e11a6d9265ec018781,17.4,4,19,7,3,2,1,0,0,0
src/main/java/org/636767e11a6d9265ec018781/636767e11a6d9265ec018781.java,17.4,4,19,7,3,2,1,0,0,0
src/main/java/org/636767e11a6d9265ec018790,4.7,4,81,40,21,18,3,0,0,0
src/main/java/org/636767e11a6d9265ec018790/636767e11a6d9265ec018790.java,4.7,4,81,40,21,18,3,0,0,0
src/main/java/org/636767e11a6d9265ec018795,13.6,3,19,9,7,6,1,0,0,0
src/main/java/org/636767e11a6d9265ec018795/636767e11a6d9265ec018795.java,13.6,3,19,9,7,6,1,0,0,0
pom.xml,0.0,0,31,N/A,N/A,0,0,0,0,0
src/main/java/org,18.8,1052,4557,2054,1109,913,538,0,6,1
